id,n_liked_post,n_liked_comment,n_follower,n_following,account_privacy,switch_to_public,switch_to_private
R_06CG42nsiYLEn1D,24889,1016,1499,986,0,[1443223261],[1496786644]
R_11XhwUxcAlfBiUT,46237,801,828,655,0,[],[]
R_11atIFjao9ubP3U,44649,305,637,617,0,"[1535297207, 1502425518]",[1535141929]
R_12PxrvkWKCEVBdO,44975,49,356,352,0,"[1628802753, 1625252178, 1594044883, 1565020275, 1563635352, 1560577235, 1546851141, 1538364611, 1529393091, 1523536960, 1519610331, 1519273748, 1517048967, 1514600180]","[1628802782, 1625601633, 1594054816, 1565020351, 1564693754, 1563057956, 1560573134, 1544929894, 1529393096, 1524532014, 1522297828, 1519273749, 1518493153, 1516423184, 1513218005]"
R_1DongyY81HpyWOS,17741,153,521,803,0,[1459807166],[1459809243]
R_1F97x2pEYk8nIlB,38994,377,545,375,0,"[1611450148, 1577675021, 1546148656, 1513003751, 1483233092, 1477179461, 1405474756, 1404699520, 1402699392]","[1598238564, 1577674974, 1546148606, 1512780952, 1483233010, 1414120140, 1404770256, 1402952361]"
R_1FEuJ2n3SqIjzUy,43589,1935,1851,1285,0,"[1630894551, 1613417961, 1595275678, 1594967899, 1591005395, 1580163767, 1579137207, 1578895260, 1578012969, 1550558576, 1550241016, 1550194110, 1550036171, 1541354855, 1537796327, 1524275066, 1519364676, 1500961721, 1498711186, 1497333446, 1495939849, 1495829015, 1483158441, 1466543999, 1466535470, 1463265861, 1460681064, 1456108758, 1455857578, 1455653783, 1455644262, 1455511042, 1454117633, 1453607557, 1453345087, 1452903739]","[1630892835, 1595653369, 1595119434, 1591067417, 1580770705, 1580014697, 1579132679, 1578033280, 1550979531, 1550522011, 1550194118, 1550160837, 1541378296, 1537824264, 1524449160, 1519440152, 1503339504, 1500738033, 1498630341, 1497112816, 1495939140, 1483158444, 1466549527, 1466535541, 1463266400, 1460681192, 1456108761, 1455857957, 1455655768, 1455651038, 1455511180, 1454117635, 1453607563, 1453345090, 1452923357]"
R_1FLGOK2iocfIzZr,6688,229,1056,677,0,"[1624575763, 1619931592, 1618712940, 1618359123, 1617424164, 1613294531, 1607677878, 1607522576]","[1624496278, 1619556845, 1618440779, 1618330217, 1617394675, 1613260804, 1607522601, 1607522487]"
R_1H5ltFuGloJS09W,5742,324,809,622,0,"[1549839088, 1542498322, 1503694818, 1472832611, 1461378148, 1446119454, 1443480687, 1431966254, 1424390466, 1423982108, 1422850239]","[1549839126, 1542572227, 1503694830, 1498551124, 1471489278, 1459827720, 1443897211, 1437539625, 1428050251, 1423982111, 1423007259, 1405382161]"
R_1JEkCHdDwhAtesN,56143,189,1006,708,0,"[1408513855, 1399074494]","[1404020360, 1398647159]"
R_1LTOBtRC711VrG5,14531,14,976,1019,0,[1405093332],[]
R_1LZlS6E9feyUpme,6723,207,563,823,0,[1499531917],[1501990265]
R_1LdMJlMSNSaHH6K,29323,138,393,454,0,"[1557212920, 1462409070, 1462324333, 1461722900, 1460513355, 1460189656]","[1583724041, 1557212713, 1462328163, 1462313759, 1461191509, 1460191255, 1460096059]"
R_1N5j4w4z6s2BgHt,30222,313,738,984,0,[],[]
R_1NFF3ZnLvZwp2ho,2049,68,561,567,0,"[1574656029, 1552015494]","[1574656926, 1552015512]"
R_1d4x7aJabHIcA2g,4108,306,1041,951,0,"[1516001287, 1420345794]","[1602696273, 1485229277]"
R_1d7aAzpVC1BTLkH,4389,239,1466,687,0,"[1635839445, 1601149675, 1596881310, 1593560364, 1593241834, 1592142331, 1590195836, 1586463544, 1554872557, 1547352477, 1547068113, 1526881546, 1511370753, 1495389886, 1494107208, 1492965692, 1489266535, 1487521673, 1486681575, 1484891028, 1483838359, 1483652430, 1482477341, 1481693916, 1480631763, 1474595270, 1473562081, 1473379089, 1472354441, 1471143364, 1470622616, 1470539822, 1470539306, 1470067338, 1441474649, 1440954803, 1434651900, 1426970837]","[1601498521, 1601086392, 1594231675, 1593559691, 1593204153, 1591991994, 1590080661, 1586388548, 1548815699, 1547348651, 1530671896, 1512606826, 1502056928, 1494107209, 1493257492, 1490670207, 1489120464, 1487225098, 1484891030, 1484890869, 1483838343, 1483628275, 1481693919, 1481693865, 1477982950, 1474492601, 1473379131, 1473379056, 1472266228, 1471141967, 1470539826, 1470539308, 1470539306, 1450137410, 1440954813, 1440894189, 1434651899]"
R_1f7SoawyRtU35vl,20814,121,1129,881,0,"[1483510644, 1475386296, 1451503036, 1398640968]","[1483510454, 1451502935, 1398640911]"
R_1f9spW1WMgmtN83,20132,365,248,441,0,[1507443741],[]
R_1gGUnNwuk9tgiVP,22661,854,1506,822,0,"[1636268452, 1631237050, 1555560692, 1551560000, 1551201970, 1533544948, 1532477496, 1530817791, 1530496636, 1529462091, 1528342845, 1527563990, 1526711379, 1526048659, 1525908791, 1525844188, 1525499196, 1524545270, 1522599011, 1522239925, 1521438355, 1521055603, 1520662367, 1520573874, 1519030148, 1510586057, 1505077283, 1502662180, 1502118440, 1501697467]","[1635800341, 1595192946, 1554690957, 1551559755, 1535258017, 1533378025, 1532407677, 1530772622, 1530425495, 1529378160, 1528249771, 1527397813, 1526695969, 1525923241, 1525875584, 1525657319, 1525399039, 1524450178, 1522472749, 1522116118, 1521404047, 1520822249, 1520652594, 1520391912, 1518934676, 1510515179, 1505015613, 1502592133, 1502072951, 1501556345]"
R_1l3vcDms1XKPffw,168521,382,617,1645,0,[1409273804],[1517215487]
R_1lmhrr6dMfkIHbv,2903,33,178,200,0,"[1537757562, 1522488855]","[1573366759, 1523066554]"
R_1mOQndBuIwssLWI,18798,214,748,667,0,[1442855689],[]
R_1oGWHpMqRNsTZNA,34614,1246,940,908,0,"[1619030677, 1564542532, 1562943640]","[1622075199, 1609702210, 1564540985, 1562638192]"
R_1pAs4lX0OzT6rXg,37349,911,1134,959,0,"[1603001819, 1531935235]","[1603001582, 1531925544]"
R_1pJxKgIorhVfahc,8084,184,403,516,0,"[1607329904, 1531585660, 1516757835, 1513875998, 1511327196]","[1606589268, 1531286099, 1516718563, 1513794675]"
R_22sNEfPgcoozdU3,19,0,537,586,0,[1591479895],[]
R_24itiXcwjPQi9lm,24903,291,552,740,0,[],[]
R_25WJ0CJN3yXcU13,10328,91,276,232,0,"[1636365960, 1571714398, 1554686996, 1551038255, 1445389323, 1442164953]","[1636365930, 1563232654, 1554438338, 1450152624, 1442164956]"
R_27rO7IKcHCwQWfj,27324,365,421,413,0,"[1630026878, 1619216726, 1610273539, 1603215657, 1598249827, 1595571093, 1592156952, 1589349665, 1582497419, 1570258864, 1557371936, 1508045962, 1439175224]","[1621760356, 1613123616, 1610158014, 1598391391, 1595901044, 1594593146, 1590984746, 1589277344, 1577478321, 1559447877, 1554699927, 1506647554]"
R_29iAGUnqQU7YgxY,2155,3,306,247,0,[1568697594],[]
R_2DSaUGNwjrSgYMk,27675,125,299,832,0,"[1600122725, 1565571558]","[1603010125, 1567407495]"
R_2EgcjWlJe4ghDGV,4506,411,1195,1230,0,[1494898254],[]
R_2Ez0T4XWdDwZLLx,127923,8243,839,615,0,"[1611616302, 1461903983]",[1611615464]
R_2EzodmaYdi4UMnL,4392,206,1095,857,0,"[1627508657, 1627243220, 1622445424, 1599504506, 1595886421, 1584337707, 1497632770, 1497632764, 1456879988, 1453530829, 1453007991, 1451385310, 1439401089, 1434002910, 1422859099, 1422665520, 1409265062, 1408144469]","[1627364003, 1627145037, 1619405143, 1599457886, 1595886404, 1500859526, 1497632768, 1456879991, 1454391710, 1453157717, 1452922020, 1439401094, 1434237533, 1424582151, 1422772670, 1422240333, 1408673035, 1397610044]"
R_2Sf6FBMj8Z9WgPX,37653,106,302,347,0,"[1597167214, 1510963422, 1500282776, 1477182388, 1476683042, 1473111056, 1465767507, 1465764243, 1465010263, 1444352773, 1398735139, 1398665882]","[1620099541, 1511669878, 1500365152, 1487053319, 1476847984, 1473112605, 1467521054, 1465764963, 1465630414, 1465009662, 1444348998, 1398732190]"
R_2Vf5XTcAavimwe9,22421,38,401,455,0,"[1592546013, 1589238897, 1565815291, 1553383930, 1545333772, 1543106370, 1541019373]","[1592545866, 1589238673, 1565799648, 1546338207, 1544496362, 1541019508]"
R_2YgrTBSGBstn0qY,36022,119,466,580,0,[1434046024],[]
R_2ZWbUgvLIIiKhiR,42772,1295,543,1006,0,[1547424783],[]
R_2aCTijBNUL1lWYP,1515,65,298,392,0,[1455237599],[]
R_2ahs92zJ1xE5SIm,246,11,320,194,0,[],[]
R_2fk7P6uI9MaXlis,22002,123,460,542,0,"[1632053264, 1577787127, 1489889968]","[1631796574, 1493172934]"
R_2fk85QtiMmN2NEs,37506,517,895,730,0,"[1588558792, 1587804863, 1587705805, 1587699549, 1587688668, 1587682527]","[1588558739, 1587804816, 1587705774, 1587699501, 1587688558, 1587682056]"
R_2fvsKU57wqfuw5f,3336,46,101,272,0,[],[]
R_2pYIMQA5TBYwDOn,14658,239,725,578,0,"[1566539919, 1550640606, 1520206246, 1499410074, 1491543454, 1463925801, 1430777668, 1419740416, 1412646944]","[1567129410, 1557123480, 1549288947, 1519428252, 1491672632, 1470189897, 1463862282, 1422143896, 1419720343, 1408304559]"
R_2tG8GXDLHD0j6YO,1322,15,264,275,0,[1465885383],[]
R_2tn8YdhPqgVtbrj,6129,1,255,390,0,[1408775076],[]
R_2v7AXjA8kzSg7kq,113052,104,282,687,0,"[1536107007, 1506983315]","[1535712276, 1506484679]"
R_2wmXu3tARhAjLJE,22194,571,1087,1094,0,[],[]
R_2wn9TkHpPWgw2UY,21712,362,197,480,0,[1551571730],[1563865650]
R_2xRHgdcgFQz7nFR,17165,1158,1621,1035,0,"[1586807084, 1559053009, 1554759978, 1554746169, 1553538734, 1553136420, 1552846333, 1548091643, 1546881557, 1543848208, 1543780300, 1543104668, 1542077866, 1541358873, 1540660704, 1518122491, 1518022923]","[1586807342, 1560619133, 1558896522, 1554759771, 1554745167, 1553458134, 1553092411, 1552793490, 1548088714, 1546622906, 1543806399, 1543778683, 1543076353, 1542072694, 1541031772, 1518192672, 1518029921, 1517868485]"
R_2xXgWBKTdnS6SzY,44186,138,329,422,0,"[1519101496, 1500276812, 1475963666, 1472929079, 1451725440, 1439271269, 1438064638, 1418858846]","[1502232467, 1478486837, 1475466276, 1472778986, 1451717640, 1439267596, 1438055064, 1397419960]"
R_2zTtZT55KxofdRj,85,7,52,56,0,[1632597732],[]
R_30c953t9XwRVF45,11234,182,8015,2672,0,"[1469934462, 1418351038]","[1556418453, 1420249261]"
R_32612mE920eA2vT,20589,1374,755,912,0,"[1611730128, 1531334163, 1485619458]","[1532186071, 1531334128]"
R_33EJMIsMApMjweM,89540,123,454,317,0,[1480540826],"[1480540831, 1446126193]"
R_33a3wpGzOTwyQ8g,1689,48,922,1300,0,[1402968297],[]
R_33p8Z2e5eZp38OQ,17,403,17,52,0,"[1599106624, 1574269033, 1547887868]","[1598780587, 1569274871]"
R_3Em84fxULORLo6I.zip,1367,20,57,79,0,"[1550304044, 1492741471]",[1546406895]
R_3F3rY9y9D0ZRyZu,22582,1724,574,560,0,"[1635659800, 1620540598, 1620276390, 1588894679, 1581044382, 1577323534, 1576583870, 1574247850, 1574137243, 1573742712, 1572480066, 1572221865, 1556663679, 1545350220, 1541030997, 1535527436, 1506737814, 1496334270]","[1635633197, 1620508281, 1618188693, 1587343459, 1580960716, 1577071839, 1576552056, 1574214361, 1574115940, 1573709947, 1572240084, 1561609251, 1556073246, 1542230001, 1538382255, 1534575372, 1498859322, 1487726103]"
R_3FWIivKIAxqdY2T,11893,27,0,132,0,"[1626996788, 1581188772]",[1626568659]
R_3Hpn11djC1mu3Yp,81671,15332,664,625,0,"[1443257219, 1398533018]",[1398563490]
R_3JIu4RwDySJQouH,37021,3519,1163,572,0,"[1621203684, 1598419796, 1585029943, 1460227460]","[1621815769, 1598668700, 1591072616, 1560384366]"
R_3JrQseUV5J8Kurd,1188,26,178,187,0,[1464418089],[]
R_3KJv4qA06xLPcRq,30451,759,1068,862,0,"[1611724204, 1569476968, 1483169464, 1479796986, 1458189153, 1451599947, 1436588887]","[1611690499, 1562814569, 1483169439, 1478483093, 1458189084, 1451599902, 1404544222]"
R_3L4S0jUjGSKEARD,4101,171,194,304,0,[1497134210],[]
R_3PWZhJGTuMsyS7C,45748,1622,410,1342,0,"[1599496434, 1471753588, 1454021057, 1453145531]","[1617680780, 1472951585, 1457446842, 1453145536]"
R_3R2CzoVjtIKlHS7,16415,219,645,690,0,[1539033481],[1539043617]
R_3ReF9PiOv13YzYT,69477,155,905,574,0,"[1563424544, 1556660439, 1555900508]","[1563252204, 1556603742, 1509725061]"
R_3V3gpfHyIqkqFvr,17996,355,598,945,0,"[1510285030, 1426381708]",[1465611176]
R_3dYA1gfjxafeYoA,31428,75,1107,1099,0,[1515010696],"[1515010853, 1515010475]"
R_3ervsP50OPBmgBI,32015,178,633,539,0,"[1493607736, 1407295263]","[1493607720, 1407280536]"
R_3fK6HVaAQeUcTD5,619,41,323,350,0,[1409280371],[]
R_3g77GeKT1ZLWOC7,5376,11,380,444,0,[1493647859],[1491139120]
R_3gUzOJngxnhLbZ3,1436,38,345,130,0,"[1629419255, 1628536129]","[1633235478, 1628740953]"
R_3ki9nBuQj05tvE4,15911,421,1961,1623,0,"[1522488527, 1514873945, 1424826268]","[1522488394, 1514873914]"
R_3lSLkY1YXqzKCSd,5892,122,480,804,0,"[1632820502, 1632129039, 1536380821]","[1633140224, 1632418585, 1627481580]"
R_3lYOaZ4Y4GKomq6,50810,273,805,770,0,"[1637837972, 1624168452, 1624096047, 1613535768, 1581992487, 1542695529, 1466148261]","[1638138731, 1624168456, 1624168449, 1613624911, 1582001359, 1575689118, 1536707268]"
R_3met7yqYBu962Hv,19117,160,427,459,0,"[1562978710, 1546169760, 1539137895, 1533115063, 1525415398, 1525376503, 1469997284, 1458003021, 1424503228]","[1562825647, 1540270493, 1533546302, 1531355737, 1525376546, 1525371872, 1469249957, 1458002283]"
R_3njB9g0I994WWpk,46039,778,1303,996,0,"[1578631689, 1532829609]","[1578631875, 1553146164]"
R_3nqMiupaFDL7b0s,22531,159,252,360,0,"[1623831913, 1623791007, 1609451670, 1608756858, 1590302334, 1590264326, 1590263915, 1586414923, 1583026131, 1577086071, 1575677563, 1571705073, 1530418015, 1528912809, 1524409024, 1523834455, 1523670820, 1522811997, 1522527348, 1521829955, 1521693932]","[1623791032, 1623737192, 1609397208, 1608702558, 1590301908, 1590263946, 1590183619, 1586397132, 1582868254, 1576722455, 1575677252, 1571704857, 1530418013, 1527135779, 1524109444, 1523672078, 1523247785, 1522555715, 1522174504, 1521761862, 1521356592]"
R_3oNtP3jpQObgVBe,66278,559,1392,489,0,"[1561922642, 1483231246, 1483231180, 1476641562, 1453147291, 1437845644, 1421891976, 1407187507, 1404359557, 1403733827, 1403728094, 1402529003]","[1570758079, 1496595196, 1483231182, 1483231021, 1472782275, 1440210203, 1423367099, 1410129184, 1405900465, 1404247432, 1403731166, 1402531237]"
R_3rYS4psVLDrZM6B,6659,54,209,398,0,[1494046880],[]
R_3sDe8rMEjFDIPAZ,89359,90,1127,958,0,"[1633515910, 1613897188, 1603395690, 1578877755, 1483243354, 1475154745, 1464390062, 1451331009, 1441576521, 1441561244]","[1636931603, 1614800041, 1604115844, 1586501597, 1528930942, 1483243260, 1475129048, 1464295076, 1451330996, 1441561251, 1441561005]"
R_3sdMh5ewgXmJE23,55493,502,496,371,0,[],[]
R_4UULXxWKMAKnSZH,3542,2203,174,228,0,"[1638326027, 1568515028]",[1638325953]
R_553B5Ujs3vV6UOR,12895,27,163,323,0,[1537669773],[]
R_5gXxKgcaVvaEkP7,74871,65,30,31,0,"[1547230229, 1542579402, 1530648017, 1528907114, 1527728805]","[1543423932, 1530652339, 1529356982, 1528905818, 1527698843]"
R_6MxSVYf7njuiAb7,6735,503,660,604,0,"[1631856373, 1585529078]",[1631500171]
R_6h7WKwjqMINxeE1,10699,704,1206,771,0,"[1593212259, 1552684975, 1547677255]","[1594223543, 1552760267, 1547968481]"
R_8dZEQKmFgGS0B57,25971,133,400,395,0,[1619913557],[1629442602]
R_ANjXRMENVvJkY1P,4087,72,366,397,0,[1585031435],[1585019423]
R_BJN3syYx82qc0Vz,2279,88,861,1349,0,"[1558468962, 1558414915, 1556726349, 1556648886, 1545436804, 1529395112, 1522355840, 1518989900, 1512835068]","[1558416642, 1558384804, 1556648890, 1556648858, 1538099940, 1524620545, 1519966376, 1513401440]"
R_DHP3SLvuI9Fkvpn,35005,144,1254,1262,0,"[1632152710, 1592028430, 1590955909, 1575193543, 1562276138, 1547260633, 1466299693, 1439614476]","[1616130990, 1591032481, 1590955891, 1575087778, 1550104884, 1547162281, 1439657822, 1429463878]"
R_DHTOoIJqnOFwULv,20503,528,1191,473,0,"[1629489649, 1627496705, 1621119154, 1619762512, 1619433263, 1619193727, 1618073839, 1617696772, 1617428434, 1617156833, 1616116664, 1614921956, 1614846847, 1614370392, 1614121002, 1614097901, 1612511875, 1612378510, 1612316236, 1612245659, 1612241782, 1610584169, 1609567403, 1608862748, 1608784211, 1607249503, 1606712362, 1606522625, 1606253233, 1605693050, 1605401131, 1605235079, 1605233451, 1604451345, 1603784827, 1603750845, 1603481686, 1603334388, 1603333887, 1603331723, 1602661705, 1602021462, 1600901448, 1600574582, 1600233700, 1599698190, 1598512228, 1597988969, 1597399350, 1593730022, 1593376517, 1591765781, 1591667536, 1590806649, 1589967905, 1589483825, 1587715511, 1587703621, 1587328298, 1586890061, 1583210507, 1578793149, 1577469424, 1576460239, 1575874353, 1574813256, 1570636558, 1567644914, 1566800087, 1556503178, 1549382722, 1549072734, 1548812228, 1545005157, 1529397269, 1526200256, 1526003808, 1524203327, 1523907450, 1520641891, 1519868035, 1519319541, 1519317461, 1519275217, 1519035105, 1519035092, 1519026338, 1518726649, 1518636031, 1518305980, 1518289517, 1518145940, 1517365598, 1516581707, 1516234516, 1515651805, 1515617483, 1515130603, 1514838141, 1514666687, 1514237520, 1514102129, 1513500834, 1513224217, 1512946593, 1512940136, 1511596395, 1511131365, 1510902520, 1510701943, 1509771671, 1509771655, 1509304045, 1509239156, 1509218095, 1509166962, 1508138557, 1506120244, 1504393327, 1503991251, 1503829949, 1503332666, 1502958495, 1502958408, 1499115707, 1498577359, 1498528588, 1498366526, 1498261645, 1498172601, 1497815716, 1497655762, 1497144455, 1496880072, 1496128580, 1496000725, 1495385398, 1493678928, 1492934406, 1491796713, 1491172437, 1490418459, 1489685704, 1489161177, 1489045840, 1488417949, 1488102841, 1487618197, 1487462985, 1487412349, 1487271181, 1487234308, 1487204825, 1487018595, 1486883630, 1486792717, 1486703364, 1486486598, 1486338267, 1486243897, 1486009751, 1485922463, 1485736913, 1485390483, 1484978638, 1484793885, 1484638463, 1484301831, 1484010892, 1483334702, 1483217848, 1483052705, 1483049928, 1483034698, 1482999474, 1482933323, 1482742206, 1482548832, 1481467717, 1481261455, 1479535865, 1475976246, 1475470945, 1474443461, 1469901575, 1469478285, 1469337508, 1468961495, 1468515709, 1467287620, 1467133039, 1466984825, 1466819551]","[1629186816, 1627187324, 1621042426, 1619751046, 1619419937, 1618985824, 1618023340, 1617652179, 1617422461, 1617053143, 1615967481, 1614919458, 1614846733, 1614320909, 1614103703, 1614056382, 1612486743, 1612331683, 1612310938, 1612241925, 1612238275, 1610567872, 1609566275, 1608862496, 1608784082, 1607228497, 1606712298, 1606521248, 1606252963, 1605691597, 1605401001, 1605234972, 1605232923, 1604448831, 1603773897, 1603750518, 1603480062, 1603334241, 1603332603, 1603329533, 1602661508, 1602021389, 1600901347, 1600574157, 1600213564, 1599692651, 1598512038, 1597962782, 1597363564, 1593719801, 1593373661, 1591667566, 1591583366, 1590806202, 1589967879, 1589483802, 1587712263, 1587681569, 1587296336, 1586856762, 1583195643, 1578792960, 1577418805, 1576259161, 1575576116, 1574391546, 1570601780, 1567196613, 1566787155, 1556497817, 1549315230, 1548891679, 1548548369, 1544946372, 1529385860, 1526166696, 1526003770, 1524200839, 1523824976, 1520565264, 1519867955, 1519319534, 1519317456, 1519185397, 1519035098, 1519035089, 1519026327, 1518640637, 1518460926, 1518305973, 1518289511, 1517989828, 1516677446, 1516581699, 1516163530, 1515625959, 1515320613, 1515129511, 1514742634, 1514626107, 1514165548, 1514083218, 1513485800, 1513212552, 1512944936, 1512937597, 1511398561, 1511118147, 1510902509, 1510625809, 1509771660, 1509771653, 1509304038, 1509224208, 1509187025, 1509165556, 1506147749, 1504507603, 1504032407, 1503876455, 1503719860, 1503108552, 1502958430, 1499135317, 1498582433, 1498530450, 1498366544, 1498264683, 1498184016, 1498026447, 1497742895, 1497633742, 1497137330, 1496798546, 1496088920, 1495998690, 1495253760, 1493588202, 1492934217, 1491729824, 1491102243, 1490343400, 1489655649, 1489045842, 1488991281, 1488399733, 1487784302, 1487492006, 1487444424, 1487286539, 1487234335, 1487208934, 1487018745, 1486883636, 1486794739, 1486788807, 1486700423, 1486430354, 1486338261, 1486157436, 1485934165, 1485915989, 1485716506, 1485377257, 1484972726, 1484779865, 1484599193, 1484284833, 1483939470, 1483222193, 1483209705, 1483052622, 1483045395, 1483009026, 1482980015, 1482910602, 1482688182, 1481562479, 1481459168, 1479632670, 1476305177, 1475476841, 1474741444, 1470027455, 1469518295, 1469478281, 1469086736, 1468551474, 1467387371, 1467178981, 1466985024, 1466869720]"
R_DTfp858fyllXYvD,11622,180,1957,1085,0,"[1635953233, 1634843199]","[1635631437, 1626478448]"
R_OE7MLQwmS7ZOyRP,15880,309,1082,986,0,"[1497323850, 1497323777, 1476066365]","[1502129678, 1497323803, 1497323775, 1476066361]"
R_RE3oMZMagVNHN4t,23242,160,840,785,0,"[1593064061, 1570517543, 1504329441, 1493851711]","[1599885436, 1582401276, 1562127939, 1501739587, 1493824605]"
R_RsQTUc3TkA2A0CZ,8035,86,532,536,0,"[1624584027, 1469491465, 1451160217, 1446770014, 1409358630]","[1552706431, 1467789312, 1449188732, 1409358737]"
R_SOTi3CQslgPbCUN,4996,247,1086,951,0,"[1618641280, 1488396191]","[1621844799, 1568677219]"
R_USkIWK8dxgbKPHX,16203,48,542,510,0,[1556998127],[]
R_XXT44mtLCRtf6M1,1938,18,353,374,0,[1564179956],[]
R_XndR1UuQbSKmXXb,10859,4,75,263,0,[],[]
R_ZfU5JkkowzeM7Cx,29639,380,2318,1552,0,"[1575718553, 1568536810, 1568286276, 1562312537, 1533689148, 1532333117, 1523999891, 1518733428, 1517686581, 1517291297, 1516074109, 1515399040, 1515151293, 1513649982, 1506094265, 1505707888, 1503899887, 1501628510, 1501574658, 1501563519, 1499674015, 1499539332, 1498631317, 1497312854, 1494916666, 1494905411, 1492753786, 1473579828, 1466288197, 1444223386, 1441568174, 1441564425, 1410846592]","[1579148549, 1571201400, 1568373849, 1567752578, 1533975703, 1532887564, 1525141823, 1523902443, 1518706500, 1517545066, 1516074902, 1516000566, 1515379141, 1514854915, 1506119896, 1505887433, 1503904843, 1503865331, 1501628445, 1501574158, 1501563488, 1499593396, 1499539207, 1498450768, 1497312603, 1494916460, 1494799435, 1492734130, 1472404617, 1451810135, 1442897021, 1441564781, 1441519929]"
R_cC2bTPSnxa9dwpX,69722,492,762,658,0,"[1532314550, 1461431192, 1461036435]","[1532409095, 1461431201, 1461431189]"
R_d1ola8ffLDUTC6Z,6823,113,369,675,0,"[1588923478, 1454739989]",[1588923255]
R_pFBa48bh8USpdWp,98605,565,1525,953,0,"[1605161147, 1587590583, 1571677587, 1571599682, 1557467500, 1555988538, 1533183073, 1531896434, 1514580066, 1501712732, 1484019848, 1438542273]","[1616257590, 1599249956, 1576292365, 1571608333, 1566191676, 1557288361, 1555195080, 1532985752, 1531896355, 1514579118, 1501708817, 1483302368]"
R_pfo387qRVVeEIPD,60275,515,5503,1516,0,"[1628105402, 1625006443, 1623568792, 1622919724, 1620678182, 1618785236, 1618726959, 1617817901, 1617817761, 1617788707, 1617747569, 1617298854, 1617205907, 1617147022, 1602785191, 1596701486, 1591836007, 1583545529, 1575973458, 1564071886, 1562890205, 1562276473, 1562276378, 1562273452, 1562273109, 1556434967, 1546313691, 1546207432, 1544787332, 1536600658, 1534350161, 1522765473, 1514841370, 1504186660, 1500954702, 1500774006, 1500759051, 1486883512, 1485836709, 1485834268, 1485258463, 1485229804, 1485228204, 1484641731, 1484451762, 1484451081, 1484450023, 1484295039, 1484282771, 1482892001, 1482884528, 1482647993, 1482046823, 1482043430, 1482042503, 1481858302, 1481828194, 1481771892, 1480653752, 1480652023, 1480651973, 1480050098, 1478393762, 1476131979, 1475725094, 1474084651, 1473916542, 1471835505, 1471731011, 1469556373, 1467016440, 1466420055, 1466308843, 1465941959, 1461506970, 1461206231, 1459044651, 1456634488, 1455019071, 1452400240, 1451706081, 1451621158, 1451615599, 1449890954, 1449890543, 1449710727, 1449707638, 1448465093, 1448119832, 1448074749, 1448074594, 1448074499, 1445311435, 1445056430, 1444747683, 1443149112, 1442189411, 1442100270, 1441637328, 1441065803, 1439867491, 1439864650, 1439862705, 1439170873, 1438654065, 1437934967, 1437605656, 1437530216, 1437263419, 1437188698, 1437094815, 1437076382, 1437037205, 1436668878, 1436327785, 1435732820, 1434997409, 1434940360, 1434856842, 1434711941, 1434694385, 1434694055, 1434677434, 1434663678, 1434607550, 1434565093, 1434206858, 1432507989, 1431986720, 1431374556, 1430772539, 1429990248, 1429385318, 1429384992]","[1628105335, 1623818146, 1623525097, 1620691884, 1620675235, 1618733413, 1618705596, 1617817829, 1617816699, 1617763232, 1617730006, 1617234946, 1617147519, 1617146595, 1602707139, 1596701366, 1591835958, 1583545378, 1575973429, 1564071580, 1562890127, 1562276409, 1562276358, 1562273145, 1562273106, 1556353358, 1546313509, 1546207346, 1544787151, 1536600549, 1534349946, 1522479299, 1514805828, 1504166527, 1500931179, 1500773973, 1500688048, 1486883256, 1485836458, 1485833535, 1485258283, 1485229743, 1485228162, 1484641406, 1484451707, 1484450937, 1484449784, 1484294788, 1484282664, 1482891243, 1482884362, 1482647442, 1482046765, 1482043381, 1482042460, 1481858301, 1481808919, 1481771713, 1480653709, 1480652020, 1480651936, 1480048217, 1478393692, 1476131892, 1475725045, 1474084504, 1473916340, 1471834732, 1471728785, 1469556364, 1467016188, 1466419987, 1466308787, 1465941675, 1461479505, 1461205970, 1459043412, 1456634317, 1455018809, 1452400190, 1451705934, 1451621104, 1451615546, 1449890753, 1449890488, 1449710702, 1449707592, 1448464722, 1448119802, 1448074685, 1448074575, 1448074462, 1445311275, 1445053866, 1444747333, 1443148962, 1442189093, 1442097926, 1441637293, 1441065745, 1439867463, 1439864625, 1439862682, 1439170588, 1438653986, 1437934671, 1437604088, 1437525301, 1437263361, 1437188661, 1437094788, 1437076216, 1437036778, 1436668789, 1436327582, 1435732669, 1434997269, 1434938979, 1434856712, 1434711789, 1434694057, 1434694042, 1434677385, 1434663614, 1434603505, 1434250631, 1432510593, 1431987524, 1431468073, 1430776628, 1429990250, 1429386257, 1429385041]"
R_pyEgKt3SeNewwjn,3353,6,87,104,0,"[1585678477, 1559510067]",[1585678464]
R_sI1V3IvUIK94ySB,4338,473,719,608,0,"[1530286379, 1529555652, 1500360288, 1449066513]","[1530398940, 1529555659, 1529528305, 1500360207]"
R_tE8wqRqNVOyVYUp,1289,122,21,71,0,"[1553414589, 1496034245]",[1553277985]
R_uwvcWiHnBeLEyC5,12039,91,124,173,0,[1559433906],[]
R_vNeLL90nmJ0A2FX,13050,1553,1143,887,0,"[1482115956, 1455515065]","[1488000261, 1482087208]"
R_wN4LXUWR6Qoc3QJ,1897,37,140,215,0,[1622551884],[1625428552]
R_xgC1rqRNuYwNpgR,1610,20,265,230,0,[1567565785],[1567565798]
R_z0GhR42lxZnEYxP,64445,272,951,946,0,"[1487291346, 1420595992]","[1487265960, 1419916802]"
